Job Title,Skills
Data Scientist,"python,machine learning,statistics,pandas,data analysis"
Data Analyst,"sql,excel,power bi,data visualization,data analysis"
Machine Learning Engineer,"python,deep learning,tensorflow,pytorch"
AI Engineer,"python,deep learning,nlp,transformers"
Software Engineer,"java,python,data structures,algorithms"
Backend Developer,"python,django,flask,apis"
Frontend Developer,"html,css,javascript,react"
Full Stack Developer,"html,css,javascript,nodejs,react"
Web Developer,"html,css,javascript"
Mobile App Developer,"java,kotlin,android"
Android Developer,"java,kotlin,android studio"
iOS Developer,"swift,ios,xcode"
Cloud Engineer,"aws,docker,kubernetes,devops"
DevOps Engineer,"docker,kubernetes,ci cd,linux"
Cyber Security Analyst,"network security,ethical hacking,linux"
Ethical Hacker,"penetration testing,cyber security"
Database Administrator,"sql,oracle,mysql"
Data Engineer,"python,sql,big data,hadoop"
Business Analyst,"excel,sql,data analysis"
Product Manager,"product strategy,analytics,communication"
UI Designer,"figma,adobe xd,ui design"
UX Designer,"user research,prototyping,figma"
Game Developer,"unity,c#,game design"
Embedded Engineer,"c,c++,embedded systems"
Robotics Engineer,"robotics,python,automation"
AI Researcher,"deep learning,python,research"
Computer Vision Engineer,"opencv,python,deep learning"
NLP Engineer,"nlp,python,transformers"
Blockchain Developer,"solidity,blockchain,web3"
AR VR Developer,"unity,3d modeling,vr"
PLC Engineer,"plc operation,plc monitoring,industrial automation"
Industrial Automation Engineer,"plc,industrial safety,sensors,actuators"
Control Systems Engineer,"plc,matlab,control systems"
Electronics Engineer,"c programming,matlab,multisim"
Instrumentation Engineer,"sensors,actuators,industrial safety"
Automation Engineer,"plc,automation,industrial safety"
Maintenance Engineer,"industrial safety,equipment handling"
Technical Support Engineer,"troubleshooting,ms office"
Operations Engineer,"industrial safety,automation"
Office Administrator,"ms office,excel,word"
Data Reporting Analyst,"excel,power bi,data visualization"
Research Assistant,"matlab,data analysis,research"
Simulation Engineer,"matlab,multisim,simulation"
Hardware Engineer,"c,c++,electronics"
Quality Control Engineer,"industrial safety,quality control"
SAP Consultant,"sap,erp,sap fico"
SAP FICO Consultant,"sap fico,financial accounting"
SAP ABAP Developer,"sap abap,abap programming"
SAP MM Consultant,"sap mm,material management"
SAP SD Consultant,"sap sd,sales and distribution"
SAP Basis Administrator,"sap basis,system administration"
Data Architect,"data modeling,big data,sql"
Big Data Engineer,"hadoop,spark,python"
AI Solutions Architect,"ai architecture,deep learning"
Cloud Solutions Architect,"aws,azure,cloud architecture"
Site Reliability Engineer,"linux,docker,kubernetes"
MLOps Engineer,"machine learning,mlops,docker"
AI Product Manager,"ai strategy,product management"
Business Intelligence Engineer,"power bi,tableau,data visualization"
Automation Specialist,"automation,python,scripting"
Digital Transformation Consultant,"digital strategy,erp,cloud"
ERP Consultant,"erp,sap,business process"
Technical Program Manager,"project management,agile"
Bank Clerk,"banking operations,customer service"
Bank Probationary Officer,"banking,finance,loan processing"
Relationship Manager,"customer relationship,banking"
Financial Analyst,"financial analysis,excel,accounting"
Credit Analyst,"credit analysis,risk management"
Insurance Advisor,"insurance policies,sales"
Tax Consultant,"taxation,accounting,gst"
Auditor,"financial auditing,accounting"
Marketing Manager,"marketing strategy,digital marketing"
HR Manager,"human resources,recruitment"
Sales Executive,"sales,communication"
Supply Chain Manager,"supply chain,logistics"
Retail Manager,"retail operations,sales"
Teacher,"teaching,communication"
Professor,"research,teaching"
Research Scientist,"scientific research,data analysis"
Content Writer,"content creation,writing,seo"
Journalist,"news reporting,writing"
Lab Technician,"laboratory testing,quality control"
Healthcare Administrator,"hospital management,healthcare operations"